0.6510379847748458   , 1.2041323825459396   , 2.469103217191436   , 3.2381792658462025   , 6.235537035643249   , 11.83171139179439
0.7748945057641468   , 1.490662089380135   , 2.773752521207799   , 3.2875374821193732   , 6.318831550144569   , 11.959366035187035
0.6510379847748458   , 1.2041323825459396   , 2.469103217191436   , 3.2344731331141774   , 6.233205459193333   , 11.829016163817558
0.7748945057641468   , 1.490662089380135   , 2.773752521207799   , 3.085293034036597   , 5.99831607764559   , 11.44619285417204
0.7030279401648492   , 1.3753393952520123   , 2.5572925393905077   , 2.898181301302688   , 5.709623984606076   , 11.011336085191175
1.1249863247174785   , 2.1040526098750876   , 4.063320695770737   , 3.022234455157311   , 5.893182131263429   , 11.271072948127232
0.6537614687143383   , 1.2388182077584926   , 2.444054890196904   , 3.293785502455483   , 6.33054949325407   , 11.974764635003755
0.6510379847748458   , 1.2041323825459396   , 2.469103217191436   , 3.2381792658462025   , 6.235537035643249   , 11.83171139179439
0.7748945057641468   , 1.490662089380135   , 2.773752521207799   , 3.2875374821193732   , 6.318831550144569   , 11.959366035187035
0.6510379847748458   , 1.2041323825459396   , 2.469103217191436   , 3.2344731331141774   , 6.233205459193333   , 11.829016163817558
0.7748945057641468   , 1.490662089380135   , 2.773752521207799   , 3.085293034036597   , 5.99831607764559   , 11.44619285417204
1.043443357123956   , 2.0286020637655184   , 3.831236567711567   , 2.5481953313169785   , 4.9086305716895975   , 9.331224761164503
1.7499810017367965   , 3.3854302409203805   , 6.566315526817119   , 1.3308604965518382   , 2.6630311591599125   , 5.348895625139615
1.0204976327688093   , 1.9073221042416533   , 3.83242842754491   , 2.437399802842659   , 4.763973245987598   , 9.28436311062512
1.3690214572446935   , 2.643286689105656   , 5.21478301179064   , 2.667108855751172   , 5.1679731893134   , 9.852989295336029
1.5026090832316708   , 2.8077315363720663   , 5.6231390150001985   , 3.141629793032353   , 5.979658441690818   , 11.270002364614388
2.9426592896855657   , 5.57834928513064   , 10.622179223004473   , 3.1812503354584796   , 6.105304653826577   , 11.56537175913553
2.210278237272524   , 4.341640564495814   , 8.320956903481013   , 2.6410042131054814   , 5.028990536334615   , 9.48135589876998
1.122180709782268   , 2.0741311899213537   , 4.095294499783082   , 3.3664299853382103   , 6.436778809747544   , 12.174437917218647
2.015578801219588   , 3.852551287329432   , 7.413797935984835   , 2.815120706912417   , 5.517062781380945   , 10.710926984516409
2.5477784613355765   , 5.025129836346043   , 9.587673095847583   , 2.5803671774227603   , 4.916014849670876   , 9.259268336766008
1.5163632627582375   , 2.8718841496398615   , 5.633210544494121   , 2.591424318472944   , 5.136936624620922   , 10.060962433894048
1.7499810017367965   , 3.3854302409203805   , 6.566315526817119   , 1.3308604965518382   , 2.6630311591599125   , 5.348895625139615
1.0204976327688093   , 1.9073221042416533   , 3.83242842754491   , 2.437399802842659   , 4.763973245987598   , 9.28436311062512
1.6824655287162793   , 3.1567575118759352   , 6.164693923845837   , 3.163540454813056   , 6.148720335624139   , 11.734563489902452
1.3690214572446935   , 2.643286689105656   , 5.21478301179064   , 2.667108855751172   , 5.1679731893134   , 9.852989295336029
1.5026090832316708   , 2.8077315363720663   , 5.6231390150001985   , 3.141629793032353   , 5.979658441690818   , 11.270002364614388
1.328368511995918   , 2.5570777996401124   , 5.06994275338651   , 2.4249841174521274   , 4.739690139744794   , 9.114927413896003
2.1502692034179782   , 4.105984981393452   , 8.10549996048124   , 1.9801393633529005   , 3.813616908140412   , 7.2809505930145715
2.5477784613355765   , 5.025129836346043   , 9.587673095847583   , 2.5803671774227603   , 4.916014849670876   , 9.259268336766008
1.5163632627582375   , 2.8718841496398615   , 5.633210544494121   , 2.591424318472944   , 5.136936624620922   , 10.060962433894048
1.7499810017367965   , 3.3854302409203805   , 6.566315526817119   , 1.3308604965518382   , 2.6630311591599125   , 5.348895625139615
1.328368511995918   , 2.5570777996401124   , 5.06994275338651   , 2.4249841174521274   , 4.739690139744794   , 9.114927413896003
1.6824655287162793   , 3.1567575118759352   , 6.164693923845837   , 3.163540454813056   , 6.148720335624139   , 11.734563489902452
1.3690214572446935   , 2.643286689105656   , 5.21478301179064   , 2.667108855751172   , 5.1679731893134   , 9.852989295336029
1.328368511995918   , 2.5570777996401124   , 5.06994275338651   , 2.4249841174521274   , 4.739690139744794   , 9.114927413896003
1.328368511995918   , 2.5570777996401124   , 5.06994275338651   , 2.4249841174521274   , 4.739690139744794   , 9.114927413896003
1.6045238216499196   , 3.119242897071133   , 6.061585965933455   , 2.1855261296694986   , 4.272179527640402   , 8.21514719142287
1.5899257610975364   , 3.0918914931640518   , 6.05390385097324   , 1.6372398903779204   , 3.1756817342568975   , 6.10138589958141
3.1035070721206397   , 6.044404962440267   , 12.058129591473179   , 3.377960494424212   , 6.480217718992894   , 12.252693192493556
4.443937732613858   , 8.798453536705948   , 16.815798362370202   , 3.0127543624174633   , 5.834711451202106   , 11.186387082799818
3.8667114259016087   , 7.583006771719015   , 14.716055014937414   , 2.9248420325050644   , 5.522049023215077   , 10.31141176493598
4.283920440064441   , 8.517756102283071   , 16.295408879591065   , 2.333968001416589   , 4.557261258748365   , 8.753783904544088
3.0310128968583188   , 5.907444759553493   , 11.740441845554274   , 3.377960494424212   , 6.480217718992894   , 12.252693192493556
5.370701457891876   , 10.51624391340212   , 20.297006617008623   , 2.5469662293519004   , 5.078746523178269   , 9.955514012580174
4.630514227804353   , 9.059057114737932   , 17.206726392060894   , 2.441459131306356   , 4.82815248797241   , 9.51211585896731
4.97722287634395   , 9.736762133179784   , 18.469189575272736   , 2.1239031886653623   , 4.055251613770055   , 7.72002212285176
4.022911085355621   , 7.919911224134153   , 15.159194307321185   , 2.3333248635564745   , 4.39627571837243   , 8.261153021623882
4.762824800789246   , 9.375474362730346   , 18.081912926054642   , 3.2818884807433584   , 6.332720761281196   , 12.016191310969862
5.081012177353772   , 9.941022816673447   , 18.984801586476255   , 2.341810564581303   , 4.500194370433182   , 8.61501476817965
5.336023894230357   , 10.369789481162423   , 20.136055409721852   , 2.3465032904716283   , 4.616456051543619   , 8.902982261530527
4.721236882453362   , 9.302842003692362   , 17.80400806878789   , 2.538217057045303   , 4.8740273879843325   , 9.253132446450342
5.834120837022404   , 11.360952582218639   , 21.635729275218697   , 2.5655330998258035   , 5.120657029252742   , 10.053952896617577
4.343674896111181   , 8.640691713171258   , 16.501740640471894   , 2.333968001416589   , 4.5572612587483645   , 8.753783904544088
5.370701457891876   , 10.51624391340212   , 20.297006617008623   , 2.5469662293519004   , 5.078746523178269   , 9.955514012580174
3.0310128968583188   , 5.907444759553493   , 11.740441845554274   , 3.377960494424212   , 6.480217718992894   , 12.252693192493556
4.630514227804353   , 9.059057114737932   , 17.206726392060894   , 2.441459131306356   , 4.82815248797241   , 9.51211585896731
5.735789399964464   , 11.194895729548488   , 21.600958714979377   , 2.3465032904716283   , 4.616456051543619   , 8.902982261530527
4.981345172373333   , 9.672090911987821   , 18.68719105443997   , 2.538217057045303   , 4.8740273879843325   , 9.253132446450342
5.834120837022404   , 11.360952582218639   , 21.635729275218697   , 2.5655330998258035   , 5.120657029252742   , 10.053952896617577
4.630514227804353   , 9.059057114737932   , 17.206726392060894   , 2.441459131306356   , 4.82815248797241   , 9.51211585896731
3.0310128968583188   , 5.907444759553493   , 11.740441845554274   , 3.377960494424212   , 6.480217718992894   , 12.252693192493556
4.011710159159401   , 7.752094468023696   , 14.881637614784786   , 3.047555348337201   , 5.929728724355121   , 11.333921901028454
4.762824800789246   , 9.375474362730346   , 18.081912926054642   , 3.2818884807433584   , 6.332720761281196   , 12.016191310969862
5.0369773323906895   , 9.859697744067972   , 18.67552133615357   , 2.1239031886653623   , 4.055251613770055   , 7.720022122851761
4.080002922560226   , 7.870093622837639   , 15.234214383234628   , 1.7743113543931721   , 3.3718017120087294   , 6.3526091224960926
3.0152491824922567   , 6.051494676972085   , 11.805274012504706   , 3.2868702359197015   , 6.327234116984506   , 11.990396288246151
5.558821298687047   , 10.7557485043763   , 20.418378008288524   , 1.8019840865430101   , 3.4267457548061997   , 6.44795935491718
4.665832116710316   , 9.188063022346121   , 17.357062572836245   , 1.6000823040416163   , 2.991792683402208   , 5.638662430359756
5.081012177353772   , 9.941022816673447   , 18.984801586476255   , 2.341810564581303   , 4.500194370433182   , 8.61501476817965
4.542956397829349   , 8.925713293480296   , 17.108878154400852   , 2.4372759683166403   , 4.682505841055851   , 8.882991548804942
4.340702406974261   , 8.591055325115097   , 16.72679224761802   , 2.9626163479687717   , 5.81632727511048   , 11.187312161910011
5.633999643523145   , 10.9802728629286   , 21.25213510730621   , 3.2379333602869513   , 6.257394865680501   , 11.889638892725936
5.742333735532952   , 10.878158229005614   , 20.82378413287421   , 3.012925123661909   , 5.8688193845469065   , 11.220364036000095
5.927017631366383   , 11.504829432972375   , 22.011147788905312   , 1.9958323208292865   , 3.7922017917036475   , 7.171286662558428
5.834120837022404   , 11.360952582218639   , 21.635729275218697   , 2.5655330998258035   , 5.120657029252742   , 10.053952896617577
5.665172458233394   , 11.09909773387086   , 21.479387432993693   , 2.3465032904716283   , 4.616456051543619   , 8.902982261530527
5.053839347635653   , 9.809051114874595   , 19.004878800358874   , 2.538217057045303   , 4.8740273879843325   , 9.253132446450342
5.422186602456022   , 10.582526632634199   , 20.157121413990644   , 1.0744205377392992   , 2.0823356013152736   , 4.03322904564372
5.3234579829257225   , 10.270554532556982   , 19.602666161672722   , 2.88892994594094   , 5.649055366632258   , 10.906845472756814
4.080002922560226   , 7.870093622837639   , 15.234214383234628   , 1.7743113543931721   , 3.3718017120087294   , 6.3526091224960926
3.0152491824922567   , 6.051494676972085   , 11.805274012504706   , 3.2868702359197015   , 6.327234116984506   , 11.990396288246151
4.665832116710316   , 9.188063022346121   , 17.357062572836245   , 1.6000823040416163   , 2.991792683402208   , 5.638662430359756
5.558821298687047   , 10.7557485043763   , 20.418378008288524   , 1.8019840865430101   , 3.4267457548061997   , 6.44795935491718
4.022911085355621   , 7.919911224134153   , 15.159194307321185   , 2.3333248635564745   , 4.39627571837243   , 8.261153021623882
5.081012177353772   , 9.941022816673447   , 18.984801586476255   , 2.341810564581303   , 4.500194370433182   , 8.61501476817965
5.3234579829257225   , 10.270554532556982   , 19.602666161672722   , 2.88892994594094   , 5.649055366632258   , 10.906845472756814
5.081012177353772   , 9.941022816673447   , 18.984801586476255   , 2.341810564581303   , 4.500194370433182   , 8.61501476817965
4.022911085355621   , 7.919911224134153   , 15.159194307321185   , 2.3333248635564745   , 4.39627571837243   , 8.261153021623882
3.553496224929412   , 6.930037467612799   , 13.350758560139386   , 3.2858169859767936   , 6.321306596633248   , 11.967971601349069
4.542956397829349   , 8.925713293480296   , 17.108878154400852   , 2.4372759683166403   , 4.682505841055851   , 8.882991548804942
4.340702406974261   , 8.591055325115097   , 16.72679224761802   , 2.9626163479687717   , 5.81632727511048   , 11.187312161910011
5.077328908568164   , 9.763916290896123   , 18.81062733977227   , 3.3527117532303037   , 6.417885528031087   , 12.109049229554838
5.318795985830269   , 10.31610308921079   , 20.052887368163887   , 2.919786724161103   , 5.742925466866223   , 11.07182005372604
5.633999643523145   , 10.9802728629286   , 21.25213510730621   , 3.2379333602869513   , 6.257394865680501   , 11.889638892725936
4.004392499577522   , 7.809087833705574   , 15.342635899729895   , 3.1473597550949077   , 6.069280569770696   , 11.553844872259852
4.85796134336084   , 9.442081374179676   , 18.332110847735027   , 3.355571481730508   , 6.4452965271788525   , 12.226445107946901
3.73846238491958   , 7.275807049090487   , 14.277951819790928   , 3.1603017267154767   , 6.091308589303645   , 11.548012660929313
5.077328908568164   , 9.763916290896123   , 18.81062733977227   , 3.3527117532303037   , 6.417885528031087   , 12.109049229554838
5.318795985830269   , 10.31610308921079   , 20.052887368163887   , 2.919786724161103   , 5.742925466866223   , 11.07182005372604
4.344910709273382   , 8.483598713047439   , 16.137513367566612   , 2.975569093073495   , 5.801819202832229   , 11.110161029656814
5.633999643523145   , 10.9802728629286   , 21.25213510730621   , 3.2379333602869513   , 6.257394865680501   , 11.889638892725936
3.5149659721615265   , 6.822553376041562   , 13.057775648905071   , 3.2010200884161546   , 6.185102799936281   , 11.766394163058497
4.85796134336084   , 9.442081374179676   , 18.332110847735027   , 3.355571481730508   , 6.4452965271788525   , 12.226445107946901
4.762899918855401   , 9.307270989322133   , 17.860141716957216   , 2.3273937585865525   , 4.552619159223788   , 8.773309547433179
4.30510567749637   , 8.436417001065696   , 16.10503479406945   , 2.975569093073495   , 5.801819202832229   , 11.110161029656814
5.927017631366383   , 11.504829432972375   , 22.011147788905312   , 1.9958323208292865   , 3.7922017917036475   , 7.171286662558428
5.633999643523145   , 10.9802728629286   , 21.25213510730621   , 3.2379333602869513   , 6.257394865680501   , 11.889638892725936
5.742333735532952   , 10.878158229005614   , 20.82378413287421   , 3.012925123661909   , 5.8688193845469065   , 11.220364036000095
4.8695905907627   , 9.436677130709857   , 18.07474948118115   , 2.3869632526623095   , 4.629085640329544   , 8.843574190806587
5.735789399964464   , 11.194895729548488   , 21.600958714979377   , 2.3465032904716283   , 4.616456051543619   , 8.902982261530527
4.981345172373333   , 9.672090911987821   , 18.68719105443997   , 2.538217057045303   , 4.8740273879843325   , 9.253132446450342
5.834120837022404   , 11.360952582218639   , 21.635729275218697   , 2.5655330998258035   , 5.120657029252742   , 10.053952896617577
4.803010353970016   , 9.311924876668083   , 17.88642902779695   , 2.3273937585865525   , 4.552619159223787   , 8.773309547433179
4.5564609346003815   , 8.719865411048644   , 16.50980814368101   , 2.3152937029087184   , 4.548907128029064   , 8.760223214854149
5.3234579829257225   , 10.270554532556982   , 19.602666161672722   , 2.88892994594094   , 5.649055366632258   , 10.906845472756814
4.842240210990359   , 9.63942795127374   , 18.469727639097393   , 1.1912131181792152   , 2.3772000570857434   , 4.6573568670277705
4.974107435515553   , 9.704247515690376   , 18.631748220930653   , 1.2098732570164854   , 2.428124719442395   , 4.888479573733289
5.665172458233394   , 11.09909773387086   , 21.479387432993693   , 2.3465032904716283   , 4.616456051543619   , 8.902982261530527
5.834120837022404   , 11.360952582218639   , 21.635729275218697   , 2.5655330998258035   , 5.120657029252742   , 10.053952896617577
4.981345172373333   , 9.672090911987821   , 18.68719105443997   , 2.538217057045303   , 4.8740273879843325   , 9.253132446450342
4.586608749754273   , 8.949189051755631   , 17.24847338243677   , 2.38696325266231   , 4.629085640329544   , 8.843574190806589
5.053839347635653   , 9.809051114874595   , 19.004878800358874   , 2.538217057045303   , 4.8740273879843325   , 9.253132446450342
4.004392499577522   , 7.809087833705574   , 15.342635899729895   , 3.1473597550949077   , 6.069280569770696   , 11.553844872259852
4.85796134336084   , 9.442081374179676   , 18.332110847735027   , 3.355571481730508   , 6.4452965271788525   , 12.226445107946901
3.4751609403845145   , 6.775371664059818   , 13.025297075407908   , 3.2010200884161546   , 6.185102799936281   , 11.766394163058497
4.85796134336084   , 9.442081374179676   , 18.332110847735027   , 3.355571481730508   , 6.4452965271788525   , 12.226445107946901
4.803010353970016   , 9.311924876668083   , 17.88642902779695   , 2.3273937585865525   , 4.552619159223787   , 8.773309547433179
5.3234579829257225   , 10.270554532556982   , 19.602666161672722   , 2.88892994594094   , 5.649055366632258   , 10.906845472756814
4.2734790935919555   , 8.23237733209442   , 15.683532044936632   , 2.315293702908719   , 4.548907128029064   , 8.760223214854149
1.8336309929526948   , 3.542573559711752   , 6.92896645798997   , 2.3279558732851946   , 4.684357811804909   , 9.369991239659182
1.1184647302854085   , 2.2143834270354086   , 4.28466505442038   , 3.168726189057517   , 6.077583129982339   , 11.519923466310306
2.607811485964373   , 5.112892702562708   , 9.731512120329853   , 2.838793850631853   , 5.567655160357738   , 10.819377960616452
2.6056354248812674   , 5.076822757966556   , 9.708375084033255   , 2.650414544046716   , 5.064846611673779   , 9.598311917099153
1.8991402155935317   , 3.755099634394008   , 7.103674393732372   , 2.6679947150050363   , 5.101942097313264   , 9.650986396502164
2.021159342212365   , 3.809013348039594   , 7.399375253769628   , 3.2670246714134903   , 6.286504130156537   , 11.91769425845347
1.5352566255372893   , 3.0123912859365287   , 5.65739910497966   , 2.5528307735472517   , 5.05855428002823   , 9.905689342748975
1.8336309929526948   , 3.542573559711752   , 6.92896645798997   , 2.3279558732851946   , 4.684357811804909   , 9.369991239659182
1.778385203355205   , 3.4534707388788823   , 6.733030402847096   , 2.939167170696569   , 5.684029685851002   , 10.931097918116915
2.0545434922426367   , 3.902018392323515   , 7.455829092541201   , 3.2604506276480865   , 6.2835980081340725   , 11.915633898124907
1.778385203355205   , 3.4534707388788823   , 6.733030402847096   , 2.939167170696569   , 5.684029685851002   , 10.931097918116915
1.1184647302854085   , 2.2143834270354086   , 4.28466505442038   , 3.168726189057517   , 6.077583129982339   , 11.519923466310306
1.9217270299854987   , 3.766962188619876   , 7.320264135908753   , 2.6936285724296214   , 5.31058687259395   , 10.355150389112827
1.645476004387171   , 3.2224850378274312   , 6.282144376780486   , 3.3693029474354885   , 6.470684492734446   , 12.231454493704641
1.735147886687335   , 3.3873901481759936   , 6.590144590610602   , 2.709179744057385   , 5.216899941779161   , 9.918750257695988
1.9217270299854987   , 3.766962188619876   , 7.320264135908753   , 2.6936285724296214   , 5.31058687259395   , 10.355150389112827
1.4204771163568153   , 2.78457535566388   , 5.362986330882964   , 3.3854621826897606   , 6.497178394869053   , 12.31138828002855
2.4455215435252877   , 4.76295240920789   , 9.166095202930116   , 2.3079941893818385   , 4.499373846481722   , 8.726486944870198
2.607811485964373   , 5.112892702562708   , 9.731512120329853   , 2.838793850631853   , 5.567655160357738   , 10.819377960616452
1.535256625537289   , 2.90520798563742   , 5.65739910497966   , 2.963171735577465   , 5.58529871853545   , 10.455222615724663
2.312483784425001   , 4.471651807626226   , 8.561884412409569   , 2.397497514085337   , 4.597855944825495   , 8.747502196124707
2.6056354248812674   , 5.076822757966556   , 9.708375084033255   , 2.650414544046716   , 5.064846611673779   , 9.598311917099153
1.8991402155935317   , 3.755099634394008   , 7.103674393732372   , 2.6679947150050363   , 5.101942097313264   , 9.650986396502164
1.4204771163568153   , 2.78457535566388   , 5.362986330882964   , 3.3854621826897606   , 6.497178394869053   , 12.31138828002855
2.4455215435252877   , 4.76295240920789   , 9.166095202930116   , 2.3079941893818385   , 4.499373846481722   , 8.726486944870198
2.607811485964373   , 5.112892702562708   , 9.731512120329853   , 2.838793850631853   , 5.567655160357738   , 10.819377960616452
1.8991402155935317   , 3.755099634394008   , 7.103674393732372   , 2.6679947150050363   , 5.101942097313264   , 9.650986396502164
1.535256625537289   , 2.90520798563742   , 5.65739910497966   , 2.963171735577465   , 5.58529871853545   , 10.455222615724663
2.312483784425001   , 4.471651807626226   , 8.561884412409569   , 2.397497514085337   , 4.597855944825495   , 8.747502196124707
2.6056354248812674   , 5.076822757966556   , 9.708375084033255   , 2.650414544046716   , 5.064846611673779   , 9.598311917099153
1.8991402155935317   , 3.755099634394008   , 7.103674393732372   , 2.6679947150050363   , 5.101942097313264   , 9.650986396502164
